{
    "completions": [
        {
            "result": [
                {
                    "from_name": "ner",
                    "id": "Bndto1TduM",
                    "source": "$text",
                    "to_name": "text",
                    "type": "labels",
                    "value": {
                        "end": 12,
                        "labels": [
                            "Split"
                        ],
                        "start": 0,
                        "text": "gado de leite"
                    }
                },
                {
                    "from_name": "ner",
                    "id": "5wZexOVe4b",
                    "source": "$text",
                    "to_name": "text",
                    "type": "labels",
                    "value": {
                        "end": 176,
                        "labels": [
                            "Split"
                        ],
                        "start": 16,
                        "text": "boa tarde . gostaria de saber ,qual a area(alqueres) de pasto nescessarios para cuidar de 15 vacas holandesas para leite (em media 15 litros dia). fora a ra\u00e7\u00e3o ."
                    }
                }
            ]
        }
    ],
    "data": {
        "text": "gado de leite\n  boa tarde . gostaria de saber ,qual a area(alqueres) de pasto nescessarios para cuidar de 15 vacas holandesas para leite (em media 15 litros dia). fora a ra\u00e7\u00e3o . "
    },
    "id": 1,
    "task_path": "../Trabalho/SAC-Embrapa/tasks.json"
}