{
    "completions": [
        {
            "result": [
                {
                    "from_name": "ner",
                    "id": "GIohXOPwiM",
                    "source": "$text",
                    "to_name": "text",
                    "type": "labels",
                    "value": {
                        "end": 10,
                        "labels": [
                            "Split"
                        ],
                        "start": 0,
                        "text": "Constru\u00e7\u00f5es"
                    }
                },
                {
                    "from_name": "ner",
                    "id": "kskwFt3tss",
                    "source": "$text",
                    "to_name": "text",
                    "type": "labels",
                    "value": {
                        "end": 75,
                        "labels": [
                            "Split"
                        ],
                        "start": 14,
                        "text": "O Lava p\u00e9s e o Pedel\u00favio s\u00e3o sempre depois da sala de ordenha?"
                    }
                },
                {
                    "from_name": "ner",
                    "id": "7MJpzEjvzv",
                    "source": "$text",
                    "to_name": "text",
                    "type": "labels",
                    "value": {
                        "end": 145,
                        "labels": [
                            "Split"
                        ],
                        "start": 77,
                        "text": "Eles n\u00e3o podem ser feitos entre a sala de espera e a sala de ordenha."
                    }
                },
                {
                    "from_name": "ner",
                    "id": "5vYBTauf3s",
                    "source": "$text",
                    "to_name": "text",
                    "type": "labels",
                    "value": {
                        "end": 194,
                        "labels": [
                            "Split"
                        ],
                        "start": 147,
                        "text": "Na sala de espera eu posso colocar um bebedouro?"
                    }
                },
                {
                    "from_name": "ner",
                    "id": "mirl4jTvLI",
                    "source": "$text",
                    "to_name": "text",
                    "type": "labels",
                    "value": {
                        "end": 276,
                        "labels": [
                            "Split"
                        ],
                        "start": 196,
                        "text": "Veja o croqui que eu fiz com base no seu, conto com as suas cr\u00edticas e sugest\u00f5es."
                    }
                },
                {
                    "from_name": "ner",
                    "id": "UOF-1v3EBQ",
                    "source": "$text",
                    "to_name": "text",
                    "type": "labels",
                    "value": {
                        "end": 292,
                        "labels": [
                            "Split"
                        ],
                        "start": 278,
                        "text": "Muito obrigado!"
                    }
                }
            ]
        }
    ],
    "data": {
        "text": "Constru\u00e7\u00f5es \n O Lava p\u00e9s e o Pedel\u00favio s\u00e3o sempre depois da sala de ordenha? Eles n\u00e3o podem ser feitos entre a sala de espera e a sala de ordenha. Na sala de espera eu posso colocar um bebedouro? Veja o croqui que eu fiz com base no seu, conto com as suas cr\u00edticas e sugest\u00f5es. Muito obrigado! "
    },
    "id": 4,
    "task_path": "../Trabalho/SAC-Embrapa/tasks.json"
}