{
    "completions": [
        {
            "result": [
                {
                    "from_name": "ner",
                    "id": "eF3Wdtmbr8",
                    "source": "$text",
                    "to_name": "text",
                    "type": "labels",
                    "value": {
                        "end": 45,
                        "labels": [
                            "Split"
                        ],
                        "start": 0,
                        "text": "Formula de suplementos para vacas em lacta\u00e7\u00e3o "
                    }
                },
                {
                    "from_name": "ner",
                    "id": "uslw_Esoqn",
                    "source": "$text",
                    "to_name": "text",
                    "type": "labels",
                    "value": {
                        "end": 200,
                        "labels": [
                            "Split"
                        ],
                        "start": 48,
                        "text": "Boa tarde, gostaria de saber, se voceis poderiam me passar algumas (formulas) para vacas em lacta\u00e7\u00e3o, onde eu mesmo pudesse fazer, para baratear o pre\u00e7o."
                    }
                },
                {
                    "from_name": "ner",
                    "id": "2IaVW3ua7i",
                    "source": "$text",
                    "to_name": "text",
                    "type": "labels",
                    "value": {
                        "end": 296,
                        "labels": [
                            "Split"
                        ],
                        "start": 201,
                        "text": "Sou pequeno produtor, o ano todo eu trato das vacas com cana, e na seca ajudo com silo de milho."
                    }
                },
                {
                    "from_name": "ner",
                    "id": "uaiAkd8nga",
                    "source": "$text",
                    "to_name": "text",
                    "type": "labels",
                    "value": {
                        "end": 421,
                        "labels": [
                            "Split"
                        ],
                        "start": 298,
                        "text": "Hoje eu bato uma ra\u00e7\u00e3o sem nem uma base, fa\u00e7o a olho, tenho,farelo de soja e farelo de amendoim, milho e tambem sal mineral."
                    }
                },
                {
                    "from_name": "ner",
                    "id": "R3lo4Sck1r",
                    "source": "$text",
                    "to_name": "text",
                    "type": "labels",
                    "value": {
                        "end": 506,
                        "labels": [
                            "Split"
                        ],
                        "start": 422,
                        "text": "Gostaria de saber para cada 100kl de ra\u00e7\u00e3o preparada quanto usar de cada ingrediente?"
                    }
                },
                {
                    "from_name": "ner",
                    "id": "Svm_g2_4Qy",
                    "source": "$text",
                    "to_name": "text",
                    "type": "labels",
                    "value": {
                        "end": 550,
                        "labels": [
                            "Split"
                        ],
                        "start": 508,
                        "text": "Vacas s\u00e3o media de 8 litros uma pela outra."
                    }
                },
                {
                    "from_name": "ner",
                    "id": "tsKHFYE7g4",
                    "source": "$text",
                    "to_name": "text",
                    "type": "labels",
                    "value": {
                        "end": 586,
                        "labels": [
                            "Split"
                        ],
                        "start": 552,
                        "text": "Ser\u00e1 que voceis poderiam me ajudar?"
                    }
                },
                {
                    "from_name": "ner",
                    "id": "guGQOuLHz6",
                    "source": "$text",
                    "to_name": "text",
                    "type": "labels",
                    "value": {
                        "end": 625,
                        "labels": [
                            "Split"
                        ],
                        "start": 588,
                        "text": "Desde j\u00e1 agrade\u00e7o, e espero respostas."
                    }
                }
            ]
        }
    ],
    "data": {
        "text": "Formula de suplementos para vacas em lacta\u00e7\u00e3o \n Boa tarde, gostaria de saber, se voceis poderiam me passar algumas (formulas) para vacas em lacta\u00e7\u00e3o, onde eu mesmo pudesse fazer, para baratear o pre\u00e7o.Sou pequeno produtor, o ano todo eu trato das vacas com cana, e na seca ajudo com silo de milho. Hoje eu bato uma ra\u00e7\u00e3o sem nem uma base, fa\u00e7o a olho, tenho,farelo de soja e farelo de amendoim, milho e tambem sal mineral.Gostaria de saber para cada 100kl de ra\u00e7\u00e3o preparada quanto usar de cada ingrediente? Vacas s\u00e3o media de 8 litros uma pela outra. Ser\u00e1 que voceis poderiam me ajudar? Desde j\u00e1 agrade\u00e7o, e espero respostas."
    },
    "id": 5,
    "task_path": "../Trabalho/SAC-Embrapa/tasks.json"
}