{
    "completions": [
        {
            "result": [
                {
                    "from_name": "ner",
                    "id": "1eWKhLOUTe",
                    "source": "$text",
                    "to_name": "text",
                    "type": "labels",
                    "value": {
                        "end": 22,
                        "labels": [
                            "Split"
                        ],
                        "start": 0,
                        "text": "Capim elefante pioneiro"
                    }
                },
                {
                    "from_name": "ner",
                    "id": "a-RPNDzW1C",
                    "source": "$text",
                    "to_name": "text",
                    "type": "labels",
                    "value": {
                        "end": 248,
                        "labels": [
                            "Split"
                        ],
                        "start": 26,
                        "text": "Venho atrav\u00e9s deste email solicitar informa\u00e7\u00f5es sobre o 'Capim elefante Pioneiro' no qual andei lendo algumas not\u00edcias e notei ser um bom investimento para os criadores daqui da regi\u00e3o em termos de melhoramento nutricional,"
                    }
                },
                {
                    "from_name": "ner",
                    "id": "v8gBTNgoUB",
                    "source": "$text",
                    "to_name": "text",
                    "type": "labels",
                    "value": {
                        "end": 419,
                        "labels": [
                            "Split"
                        ],
                        "start": 250,
                        "text": "gostaria de saber se esta nova variedade de capim se adaptaria a esta regi\u00e3o e como eu posso adquirir amostras gratuitas para fazermos testes com elas aqui em nosso solo."
                    }
                },
                {
                    "from_name": "ner",
                    "id": "qRF4S_jgum",
                    "source": "$text",
                    "to_name": "text",
                    "type": "labels",
                    "value": {
                        "end": 593,
                        "labels": [
                            "Split"
                        ],
                        "start": 421,
                        "text": "Sabendo que h\u00e1 uma car\u00eancia de um bom pasto para os animais daqui, tentamos melhorar cada vez mais a alimenta\u00e7\u00e3o dos nossos rebanhos que no momento o foco \u00e9 o gado de leite."
                    }
                },
                {
                    "from_name": "ner",
                    "id": "k00fIuOxgI",
                    "source": "$text",
                    "to_name": "text",
                    "type": "labels",
                    "value": {
                        "end": 680,
                        "labels": [
                            "Split"
                        ],
                        "start": 595,
                        "text": "Acredito nesta variedade de capim elefante visando a melhoria nutricional dos animais."
                    }
                }
            ]
        }
    ],
    "data": {
        "text": "Capim elefante pioneiro \n Venho atrav\u00e9s deste email solicitar informa\u00e7\u00f5es sobre o 'Capim elefante Pioneiro' no qual andei lendo algumas not\u00edcias e notei ser um bom investimento para os criadores daqui da regi\u00e3o em termos de melhoramento nutricional, gostaria de saber se esta nova variedade de capim se adaptaria a esta regi\u00e3o e como eu posso adquirir amostras gratuitas para fazermos testes com elas aqui em nosso solo. Sabendo que h\u00e1 uma car\u00eancia de um bom pasto para os animais daqui, tentamos melhorar cada vez mais a alimenta\u00e7\u00e3o dos nossos rebanhos que no momento o foco \u00e9 o gado de leite. Acredito nesta variedade de capim elefante visando a melhoria nutricional dos animais."
    },
    "id": 6,
    "task_path": "../Trabalho/SAC-Embrapa/tasks.json"
}