{
    "completions": [
        {
            "result": [
                {
                    "from_name": "ner",
                    "id": "nm20jMelAl",
                    "source": "$text",
                    "to_name": "text",
                    "type": "labels",
                    "value": {
                        "end": 66,
                        "labels": [
                            "Split"
                        ],
                        "start": 0,
                        "text": "Mini projeto para pasteuriza\u00e7\u00e3o e empacotamento do leite- 330lt/dia"
                    }
                },
                {
                    "from_name": "ner",
                    "id": "AqcyHKpCdM",
                    "source": "$text",
                    "to_name": "text",
                    "type": "labels",
                    "value": {
                        "end": 241,
                        "labels": [
                            "Split"
                        ],
                        "start": 70,
                        "text": "Estou querendo processar o leite,pasteurizar e empacotar, 300lt/dia, necessito de um mini projeto, mais simples, que atenda as necessidades b\u00e1sicas da vigil\u00e2ncia sanit\u00e1ria."
                    }
                },
                {
                    "from_name": "ner",
                    "id": "3ZPo5eToIK",
                    "source": "$text",
                    "to_name": "text",
                    "type": "labels",
                    "value": {
                        "end": 281,
                        "labels": [
                            "Split"
                        ],
                        "start": 243,
                        "text": "Estou localizado a 30 Km de Goi\u00e2nia-GO."
                    }
                }
            ]
        }
    ],
    "data": {
        "text": "Mini projeto para pasteuriza\u00e7\u00e3o e empacotamento do leite- 330lt/dia \n Estou querendo processar o leite,pasteurizar e empacotar, 300lt/dia, necessito de um mini projeto, mais simples, que atenda as necessidades b\u00e1sicas da vigil\u00e2ncia sanit\u00e1ria. Estou localizado a 30 Km de Goi\u00e2nia-GO. "
    },
    "id": 7,
    "task_path": "../Trabalho/SAC-Embrapa/tasks.json"
}