{
    "completions": [
        {
            "result": [
                {
                    "from_name": "ner",
                    "id": "-X2UQz67tV",
                    "source": "$text",
                    "to_name": "text",
                    "type": "labels",
                    "value": {
                        "end": 48,
                        "labels": [
                            "Positive Sentence"
                        ],
                        "start": 0,
                        "text": "ah a senhora foi as compras para fazer uma compra"
                    }
                },
                {
                    "from_name": "ner",
                    "id": "HN4Ebh0iVd",
                    "source": "$text",
                    "to_name": "text",
                    "type": "labels",
                    "value": {
                        "end": 95,
                        "labels": [
                            "Negative Sentence"
                        ],
                        "start": 50,
                        "text": "e na hora que ela passou no caixa ela perdeu u"
                    }
                },
                {
                    "from_name": "ner",
                    "id": "VyPq1tQaWi",
                    "source": "$text",
                    "to_name": "text",
                    "type": "labels",
                    "value": {
                        "end": 145,
                        "labels": [
                            "Negative Sentence"
                        ],
                        "start": 97,
                        "text": "ah ela perdeu a carteira caiu no ch\u00e3o e perdeu a\u00ed"
                    }
                },
                {
                    "from_name": "ner",
                    "id": "gt3Kv6QOoj",
                    "source": "$text",
                    "to_name": "text",
                    "type": "labels",
                    "value": {
                        "end": 163,
                        "labels": [
                            "Positive Sentence"
                        ],
                        "start": 147,
                        "text": "ela foi para casa"
                    }
                },
                {
                    "from_name": "ner",
                    "id": "UF_rw9neJE",
                    "source": "$text",
                    "to_name": "text",
                    "type": "labels",
                    "value": {
                        "end": 287,
                        "labels": [
                            "Positive Sentence"
                        ],
                        "start": 260,
                        "text": "e ela ficou muito agradecida"
                    }
                },
                {
                    "from_name": "ner",
                    "id": "ptEsNj6l5x",
                    "source": "$text",
                    "to_name": "text",
                    "type": "labels",
                    "value": {
                        "end": 258,
                        "labels": [
                            "Positive Sentence"
                        ],
                        "start": 165,
                        "text": "e em casa teve uma uma crian\u00e7a que ligou para ela falando que tinha encontrado a carteira dela"
                    }
                }
            ]
        }
    ],
    "data": {
        "text": "ah a senhora foi as compras para fazer uma compra e na hora que ela passou no caixa ela perdeu u ah ela perdeu a carteira caiu no ch\u00e3o e perdeu a\u00ed ela foi para casa e em casa teve uma uma crian\u00e7a que ligou para ela falando que tinha encontrado a carteira dela e ela ficou muito agradecida"
    },
    "id": 0,
    "task_path": "../Trabalho/Bateria-ABCD/tasks-bateria-ABCD.json"
}