{
    "completions": [
        {
            "result": [
                {
                    "from_name": "ner",
                    "id": "b2wsSYJnWz",
                    "source": "$text",
                    "to_name": "text",
                    "type": "labels",
                    "value": {
                        "end": 28,
                        "labels": [
                            "Positive Sentence"
                        ],
                        "start": 0,
                        "text": "uma senhora foi fazer compras"
                    }
                },
                {
                    "from_name": "ner",
                    "id": "rG7BLDaOnW",
                    "source": "$text",
                    "to_name": "text",
                    "type": "labels",
                    "value": {
                        "end": 117,
                        "labels": [
                            "Negative Sentence"
                        ],
                        "start": 30,
                        "text": "e quando ela chegou no caixa para efetuar o pagamento percebeu que estava sem a carteira"
                    }
                },
                {
                    "from_name": "ner",
                    "id": "KPV7EXGukD",
                    "source": "$text",
                    "to_name": "text",
                    "type": "labels",
                    "value": {
                        "end": 177,
                        "labels": [
                            "Negative Sentence"
                        ],
                        "start": 119,
                        "text": "ent\u00e3o n\u00e3o tinha como levar as compras sem fazer o pagamento"
                    }
                },
                {
                    "from_name": "ner",
                    "id": "vV0s8hcG0w",
                    "source": "$text",
                    "to_name": "text",
                    "type": "labels",
                    "value": {
                        "end": 217,
                        "labels": [
                            "Positive Sentence"
                        ],
                        "start": 179,
                        "text": "ela deixou l\u00e1 voltou para casa chegando"
                    }
                },
                {
                    "from_name": "ner",
                    "id": "HQZ2lactqR",
                    "source": "$text",
                    "to_name": "text",
                    "type": "labels",
                    "value": {
                        "end": 265,
                        "labels": [
                            "Positive Sentence"
                        ],
                        "start": 219,
                        "text": "em casa segundos depois \u00e9 algu\u00e9m telefonou era "
                    }
                },
                {
                    "from_name": "ner",
                    "id": "WipHuCAIz_",
                    "source": "$text",
                    "to_name": "text",
                    "type": "labels",
                    "value": {
                        "end": 320,
                        "labels": [
                            "Positive Sentence"
                        ],
                        "start": 266,
                        "text": "uma crian\u00e7a dizendo que ela que tinha achado a carteira"
                    }
                },
                {
                    "from_name": "ner",
                    "id": "K0rnKk4p5c",
                    "source": "$text",
                    "to_name": "text",
                    "type": "labels",
                    "value": {
                        "end": 349,
                        "labels": [
                            "Negative Sentence"
                        ],
                        "start": 322,
                        "text": "acho que faltou alguma coisa"
                    }
                }
            ]
        }
    ],
    "data": {
        "text": "uma senhora foi fazer compras e quando ela chegou no caixa para efetuar o pagamento percebeu que estava sem a carteira ent\u00e3o n\u00e3o tinha como levar as compras sem fazer o pagamento ela deixou l\u00e1 voltou para casa chegando em casa segundos depois \u00e9 algu\u00e9m telefonou era uma crian\u00e7a dizendo que ela que tinha achado a carteira acho que faltou alguma coisa"
    },
    "id": 2,
    "task_path": "../Trabalho/Bateria-ABCD/tasks-bateria-ABCD.json"
}