{
    "completions": [
        {
            "result": [
                {
                    "from_name": "ner",
                    "id": "0QFSH5tGSn",
                    "source": "$text",
                    "to_name": "text",
                    "type": "labels",
                    "value": {
                        "end": 56,
                        "labels": [
                            "Positive Sentence"
                        ],
                        "start": 0,
                        "text": "olha uma a uma senhora \u00e9 foi fazer comp foi fazer compras"
                    }
                },
                {
                    "from_name": "ner",
                    "id": "eT0H3gMk65",
                    "source": "$text",
                    "to_name": "text",
                    "type": "labels",
                    "value": {
                        "end": 140,
                        "labels": [
                            "Negative Sentence"
                        ],
                        "start": 58,
                        "text": "e ao chegar ao caixa percebeu que tinha que a carteira n\u00e3o estava largou as compras"
                    }
                },
                {
                    "from_name": "ner",
                    "id": "hTV11pumXl",
                    "source": "$text",
                    "to_name": "text",
                    "type": "labels",
                    "value": {
                        "end": 158,
                        "labels": [
                            "Positive Sentence"
                        ],
                        "start": 142,
                        "text": "l\u00e1 foi para casa "
                    }
                },
                {
                    "from_name": "ner",
                    "id": "Yt5cAx9B8h",
                    "source": "$text",
                    "to_name": "text",
                    "type": "labels",
                    "value": {
                        "end": 256,
                        "labels": [
                            "Positive Sentence"
                        ],
                        "start": 159,
                        "text": "e ao chegar em casa o telefone estava tocando uma menininha avisou que tinha achado a sua carteira"
                    }
                }
            ]
        }
    ],
    "data": {
        "text": "olha uma a uma senhora \u00e9 foi fazer comp foi fazer compras e ao chegar ao caixa percebeu que tinha que a carteira n\u00e3o estava largou as compras l\u00e1 foi para casa e ao chegar em casa o telefone estava tocando uma menininha avisou que tinha achado a sua carteira "
    },
    "id": 4,
    "task_path": "../Trabalho/Bateria-ABCD/tasks-bateria-ABCD.json"
}