{
    "completions": [
        {
            "result": [
                {
                    "from_name": "ner",
                    "id": "Ate_fDu5ot",
                    "source": "$text",
                    "to_name": "text",
                    "type": "labels",
                    "value": {
                        "end": 24,
                        "labels": [
                            "Split"
                        ],
                        "start": 0,
                        "text": "Rapaz isso \u00e9 um absurdo!!"
                    }
                },
                {
                    "from_name": "ner",
                    "id": "QPJLAjRwYC",
                    "source": "$text",
                    "to_name": "text",
                    "type": "labels",
                    "value": {
                        "end": 101,
                        "labels": [
                            "Split"
                        ],
                        "start": 25,
                        "text": "A empresa Vivo + Zurich Seguros n\u00e3o tem um pouco de respeito \u00e0 seus clientes."
                    }
                },
                {
                    "from_name": "ner",
                    "id": "oDkQswszhV",
                    "source": "$text",
                    "to_name": "text",
                    "type": "labels",
                    "value": {
                        "end": 112,
                        "labels": [
                            "Split"
                        ],
                        "start": 103,
                        "text": "N\u00e3o fa\u00e7am\u2026"
                    }
                }
            ]
        }
    ],
    "data": {
        "text": "Rapaz isso \u00e9 um absurdo!!A empresa Vivo + Zurich Seguros n\u00e3o tem um pouco de respeito \u00e0 seus clientes. N\u00e3o fa\u00e7am\u2026"
    },
    "id": 2,
    "task_path": "../Trabalho/UGC_ReclameAqui/tasks.json"
}