{
    "completions": [
        {
            "result": [
                {
                    "from_name": "ner",
                    "id": "9CB-QbXQSz",
                    "source": "$text",
                    "to_name": "text",
                    "type": "labels",
                    "value": {
                        "end": 312,
                        "labels": [
                            "Split"
                        ],
                        "start": 0,
                        "text": "Exijo de imediato a troca dos produtos, pois os mesmos foram comprados pagos e as notas fiscais foram apresentadas, e mesmo um dos itens, que foi presente e estava sem a nota, pode ser rastreado, e confirmado, com o colaborador que presenteou, pois o mesmo o fez, para todos os colaboradores do universo montanha,"
                    }
                },
                {
                    "from_name": "ner",
                    "id": "R-niM5Z4MX",
                    "source": "$text",
                    "to_name": "text",
                    "type": "labels",
                    "value": {
                        "end": 519,
                        "labels": [
                            "Split"
                        ],
                        "start": 314,
                        "text": "e n\u00e3o vi nenhum motivo legal, que me impe\u00e7a de trocar o produto seja ele comprado ou presenteado, quando mesmo apresentou defeito dentro do prazo de garantia ou se o mesmo esta com numera\u00e7ao menor ou maior."
                    }
                }
            ]
        }
    ],
    "data": {
        "text": "Exijo de imediato a troca dos produtos, pois os mesmos foram comprados pagos e as notas fiscais foram apresentadas, e mesmo um dos itens, que foi presente e estava sem a nota, pode ser rastreado, e confirmado, com o colaborador que presenteou, pois o mesmo o fez, para todos os colaboradores do universo montanha, e n\u00e3o vi nenhum motivo legal, que me impe\u00e7a de trocar o produto seja ele comprado ou presenteado, quando mesmo apresentou defeito dentro do prazo de garantia ou se o mesmo esta com numera\u00e7ao menor ou maior."
    },
    "id": 3,
    "task_path": "../Trabalho/UGC_ReclameAqui/tasks.json"
}