{
    "completions": [
        {
            "result": [
                {
                    "from_name": "ner",
                    "id": "gwWuDEmz6D",
                    "source": "$text",
                    "to_name": "text",
                    "type": "labels",
                    "value": {
                        "end": 47,
                        "labels": [
                            "Split"
                        ],
                        "start": 0,
                        "text": "SOLTANDO PERTO DA COSTURA COM E A 6 VEZES DE USO"
                    }
                }
            ]
        }
    ],
    "data": {
        "text": "SOLTANDO PERTO DA COSTURA COM E A 6 VEZES DE USO"
    },
    "id": 4,
    "task_path": "../Trabalho/UGC_ReclameAqui/tasks.json"
}