{
    "completions": [
        {
            "result": [
                {
                    "from_name": "ner",
                    "id": "Q6hyn2qj84",
                    "source": "$text",
                    "to_name": "text",
                    "type": "labels",
                    "value": {
                        "end": 152,
                        "labels": [
                            "Split"
                        ],
                        "start": 0,
                        "text": "Estou com o servi\u00e7o NJR XP ativo a 4 semanas debitando o valor semanal de 4,99 do meu saldo sendo que nunca solicitei ou aceitei a ativa\u00e7\u00e3o deste servi\u00e7o"
                    }
                },
                {
                    "from_name": "ner",
                    "id": "p3JVlJVocD",
                    "source": "$text",
                    "to_name": "text",
                    "type": "labels",
                    "value": {
                        "end": 204,
                        "labels": [
                            "Split"
                        ],
                        "start": 154,
                        "text": "efetuei o cancelamento por\u00e9m quero o ressarcimento,"
                    }
                },
                {
                    "from_name": "ner",
                    "id": "A9bPQDkIWG",
                    "source": "$text",
                    "to_name": "text",
                    "type": "labels",
                    "value": {
                        "end": 257,
                        "labels": [
                            "Split"
                        ],
                        "start": 206,
                        "text": "trata-se um servi\u00e7o do Neymar da qual nunca acessei,"
                    }
                },
                {
                    "from_name": "ner",
                    "id": "qT8MSh5rQ0",
                    "source": "$text",
                    "to_name": "text",
                    "type": "labels",
                    "value": {
                        "end": 470,
                        "labels": [
                            "Split"
                        ],
                        "start": 259,
                        "text": "entrei em contato com a central atendente Priscila foi r\u00edspida e quando solicitei falar com a supervis\u00e3o ela pois minha liga\u00e7\u00e3o novamente para a Ura e tive que aguardar novamente ser atendida por outro atendente."
                    }
                },
                {
                    "from_name": "ner",
                    "id": "BciW4a9Bfi",
                    "source": "$text",
                    "to_name": "text",
                    "type": "labels",
                    "value": {
                        "end": 571,
                        "labels": [
                            "Split"
                        ],
                        "start": 472,
                        "text": "Quero algu\u00e9m que ou\u00e7a a minha reclama\u00e7\u00e3o e n\u00e3o me rob\u00f4 que s\u00f3 sabe falar o que quer e n\u00e3o nos houve."
                    }
                },
                {
                    "from_name": "ner",
                    "id": "1uHYLg5GHq",
                    "source": "$text",
                    "to_name": "text",
                    "type": "labels",
                    "value": {
                        "end": 685,
                        "labels": [
                            "Split"
                        ],
                        "start": 573,
                        "text": "Aguardo o retorno e estorno do valor pago no servi\u00e7o que n\u00e3o aceitei, n\u00e3o solicitei e principalmente n\u00e3o ultizei."
                    }
                }
            ]
        }
    ],
    "data": {
        "text": "Estou com o servi\u00e7o NJR XP ativo a 4 semanas debitando o valor semanal de 4,99 do meu saldo sendo que nunca solicitei ou aceitei a ativa\u00e7\u00e3o deste servi\u00e7o efetuei o cancelamento por\u00e9m quero o ressarcimento, trata-se um servi\u00e7o do Neymar da qual nunca acessei, entrei em contato com a central atendente Priscila foi r\u00edspida e quando solicitei falar com a supervis\u00e3o ela pois minha liga\u00e7\u00e3o novamente para a Ura e tive que aguardar novamente ser atendida por outro atendente. Quero algu\u00e9m que ou\u00e7a a minha reclama\u00e7\u00e3o e n\u00e3o me rob\u00f4 que s\u00f3 sabe falar o que quer e n\u00e3o nos houve. Aguardo o retorno e estorno do valor pago no servi\u00e7o que n\u00e3o aceitei, n\u00e3o solicitei e principalmente n\u00e3o ultizei."
    },
    "id": 5,
    "task_path": "../Trabalho/UGC_ReclameAqui/tasks.json"
}