{
    "completions": [
        {
            "result": [
                {
                    "from_name": "ner",
                    "id": "JfyNvuEro8",
                    "source": "$text",
                    "to_name": "text",
                    "type": "labels",
                    "value": {
                        "end": 151,
                        "labels": [
                            "Split"
                        ],
                        "start": 0,
                        "text": "Esta disserta\u00e7\u00e3o de mestrado descreve a implementa\u00e7\u00e3o de um m\u00f3dulo de simula\u00e7\u00e3o de redes de computadores para o ASiA (Ambiente de Simula\u00e7\u00e3o Autom\u00e1tico)."
                    }
                },
                {
                    "from_name": "ner",
                    "id": "Fs86y1RuTN",
                    "source": "$text",
                    "to_name": "text",
                    "type": "labels",
                    "value": {
                        "end": 360,
                        "labels": [
                            "Split"
                        ],
                        "start": 153,
                        "text": "Este m\u00f3dulo permite ao usu\u00e1rio a simula\u00e7\u00e3o de redes j\u00e1 definidas (com a possibilidade de altera\u00e7\u00e3o dos par\u00e2metros de entrada) ou definir novas redes atrav\u00e9s da utiliza\u00e7\u00e3o dos recursos da barra de ferramentas."
                    }
                },
                {
                    "from_name": "ner",
                    "id": "pm7y2IJPNv",
                    "source": "$text",
                    "to_name": "text",
                    "type": "labels",
                    "value": {
                        "end": 551,
                        "labels": [
                            "Split"
                        ],
                        "start": 362,
                        "text": "Para aumentar a gama de sistemas que o usu\u00e1rio pode modelar foram implementados e inclu\u00eddos na barra de ferramentas novas funcionalidades que permitem a modelagem de sistemas mais complexos."
                    }
                },
                {
                    "from_name": "ner",
                    "id": "elUf5OzLdT",
                    "source": "$text",
                    "to_name": "text",
                    "type": "labels",
                    "value": {
                        "end": 673,
                        "labels": [
                            "Split"
                        ],
                        "start": 553,
                        "text": "Este trabalho apresenta tamb\u00e9m uma revis\u00e3o bibliogr\u00e1fica sobre simula\u00e7\u00e3o, redes de computadores e ambientes de simula\u00e7\u00e3o."
                    }
                }
            ]
        }
    ],
    "data": {
        "text": "Esta disserta\u00e7\u00e3o de mestrado descreve a implementa\u00e7\u00e3o de um m\u00f3dulo de simula\u00e7\u00e3o de redes de computadores para o ASiA (Ambiente de Simula\u00e7\u00e3o Autom\u00e1tico). Este m\u00f3dulo permite ao usu\u00e1rio a simula\u00e7\u00e3o de redes j\u00e1 definidas (com a possibilidade de altera\u00e7\u00e3o dos par\u00e2metros de entrada) ou definir novas redes atrav\u00e9s da utiliza\u00e7\u00e3o dos recursos da barra de ferramentas. Para aumentar a gama de sistemas que o usu\u00e1rio pode modelar foram implementados e inclu\u00eddos na barra de ferramentas novas funcionalidades que permitem a modelagem de sistemas mais complexos. Este trabalho apresenta tamb\u00e9m uma revis\u00e3o bibliogr\u00e1fica sobre simula\u00e7\u00e3o, redes de computadores e ambientes de simula\u00e7\u00e3o."
    },
    "id": 1,
    "task_path": "../Trabalho/Scipo/tasks.json"
}