{
    "completions": [
        {
            "result": [
                {
                    "from_name": "ner",
                    "id": "6drpxL-tOM",
                    "source": "$text",
                    "to_name": "text",
                    "type": "labels",
                    "value": {
                        "end": 161,
                        "labels": [
                            "Split"
                        ],
                        "start": 0,
                        "text": "O MPI \u00e9 uma tentativa de padroniza\u00e7\u00e3o para ambientes de programa\u00e7\u00e3o via troca de mensagens, tendo como objetivo portabilidade e efici\u00eancia em qualquer plataforma."
                    }
                },
                {
                    "from_name": "ner",
                    "id": "jVZ645xLgP",
                    "source": "$text",
                    "to_name": "text",
                    "type": "labels",
                    "value": {
                        "end": 250,
                        "labels": [
                            "Split"
                        ],
                        "start": 163,
                        "text": "O requisito de alta portabilidade sem perda de efici\u00eancia torna o MPI um padr\u00e3o extenso."
                    }
                },
                {
                    "from_name": "ner",
                    "id": "K3_Ui8mhJb",
                    "source": "$text",
                    "to_name": "text",
                    "type": "labels",
                    "value": {
                        "end": 375,
                        "labels": [
                            "Split"
                        ],
                        "start": 252,
                        "text": "Rotinas de comunica\u00e7\u00e3o ponto a ponto, por exemplo, s\u00e3o estruturadas de v\u00e1rias maneiras, apresentando diferentes desempenhos."
                    }
                },
                {
                    "from_name": "ner",
                    "id": "584HJh00xa",
                    "source": "$text",
                    "to_name": "text",
                    "type": "labels",
                    "value": {
                        "end": 619,
                        "labels": [
                            "Split"
                        ],
                        "start": 377,
                        "text": "O objetivo deste trabalho \u00e9 estudar o desempenho das rotinas de comunica\u00e7\u00e3o ponto a ponto do MPI em uma rede de computadores pessoais executando o sistema operacional LINUX, a fim de avaliar objetivamente a rela\u00e7\u00e3o custo/benef\u00edcio de cada uma."
                    }
                },
                {
                    "from_name": "ner",
                    "id": "oF1Sd01EP1",
                    "source": "$text",
                    "to_name": "text",
                    "type": "labels",
                    "value": {
                        "end": 829,
                        "labels": [
                            "Split"
                        ],
                        "start": 621,
                        "text": "A avalia\u00e7\u00e3o \u00e9 feita atrav\u00e9s da execu\u00e7\u00e3o de benchmarks e um exemplo de aplica\u00e7\u00e3o, executados em tr\u00eas implementa\u00e7\u00f5es de dom\u00ednio p\u00fablico do MPI (MPICH, LAM e UNIFY), permitindo a compara\u00e7\u00e3o dessas implementa\u00e7\u00f5es."
                    }
                },
                {
                    "from_name": "ner",
                    "id": "A4DFYm9lc-",
                    "source": "$text",
                    "to_name": "text",
                    "type": "labels",
                    "value": {
                        "end": 1034,
                        "labels": [
                            "Split"
                        ],
                        "start": 831,
                        "text": "Resultados obtidos com a utiliza\u00e7\u00e3o do PVM tamb\u00e9m s\u00e3o inclu\u00eddos e comparados aos do MPI, visto que o PVM \u00e9 uma plataforma de programa\u00e7\u00e3o via troca de mensagens muito difundida na comunidade computacional."
                    }
                },
                {
                    "from_name": "ner",
                    "id": "DbWG1x_jsz",
                    "source": "$text",
                    "to_name": "text",
                    "type": "labels",
                    "value": {
                        "end": 1407,
                        "labels": [
                            "Split"
                        ],
                        "start": 1036,
                        "text": "A apresenta\u00e7\u00e3o clara e concisa dos aspectos fundamentais das diferentes formas de comunica\u00e7\u00e3o dispon\u00edveis em diferentes implementa\u00e7\u00f5es do MPI e a avalia\u00e7\u00e3o de desempenho efetuada, que \u00e9 capaz de orientar o usu\u00e1rio final na escolha de uma implementa\u00e7\u00e3o do MPI, bem como da forma de comunica\u00e7\u00e3o mais adequada \u00e0 sua aplica\u00e7\u00e3o, s\u00e3o contribui\u00e7\u00f5es importantes dessa disserta\u00e7\u00e3o."
                    }
                }
            ]
        }
    ],
    "data": {
        "text": "O MPI \u00e9 uma tentativa de padroniza\u00e7\u00e3o para ambientes de programa\u00e7\u00e3o via troca de mensagens, tendo como objetivo portabilidade e efici\u00eancia em qualquer plataforma. O requisito de alta portabilidade sem perda de efici\u00eancia torna o MPI um padr\u00e3o extenso. Rotinas de comunica\u00e7\u00e3o ponto a ponto, por exemplo, s\u00e3o estruturadas de v\u00e1rias maneiras, apresentando diferentes desempenhos. O objetivo deste trabalho \u00e9 estudar o desempenho das rotinas de comunica\u00e7\u00e3o ponto a ponto do MPI em uma rede de computadores pessoais executando o sistema operacional LINUX, a fim de avaliar objetivamente a rela\u00e7\u00e3o custo/benef\u00edcio de cada uma. A avalia\u00e7\u00e3o \u00e9 feita atrav\u00e9s da execu\u00e7\u00e3o de benchmarks e um exemplo de aplica\u00e7\u00e3o, executados em tr\u00eas implementa\u00e7\u00f5es de dom\u00ednio p\u00fablico do MPI (MPICH, LAM e UNIFY), permitindo a compara\u00e7\u00e3o dessas implementa\u00e7\u00f5es. Resultados obtidos com a utiliza\u00e7\u00e3o do PVM tamb\u00e9m s\u00e3o inclu\u00eddos e comparados aos do MPI, visto que o PVM \u00e9 uma plataforma de programa\u00e7\u00e3o via troca de mensagens muito difundida na comunidade computacional. A apresenta\u00e7\u00e3o clara e concisa dos aspectos fundamentais das diferentes formas de comunica\u00e7\u00e3o dispon\u00edveis em diferentes implementa\u00e7\u00f5es do MPI e a avalia\u00e7\u00e3o de desempenho efetuada, que \u00e9 capaz de orientar o usu\u00e1rio final na escolha de uma implementa\u00e7\u00e3o do MPI, bem como da forma de comunica\u00e7\u00e3o mais adequada \u00e0 sua aplica\u00e7\u00e3o, s\u00e3o contribui\u00e7\u00f5es importantes dessa disserta\u00e7\u00e3o."
    },
    "id": 4,
    "task_path": "../Trabalho/Scipo/tasks.json"
}