{
    "completions": [
        {
            "result": [
                {
                    "from_name": "ner",
                    "id": "GSMnN1Yrsj",
                    "source": "$text",
                    "to_name": "text",
                    "type": "labels",
                    "value": {
                        "end": 216,
                        "labels": [
                            "Split"
                        ],
                        "start": 0,
                        "text": "O objetivo principal deste trabalho \u00e9 o desenvolvimento e avalia\u00e7\u00e3o de algoritmos num\u00e9ricos paralelos e sua execu\u00e7\u00e3o em m\u00e1quinas paralelas (m\u00e1quinas multiprocessadas, m\u00e1quinas vetoriais e m\u00e1quinas paralelas virtuais)."
                    }
                },
                {
                    "from_name": "ner",
                    "id": "63DroY2ibu",
                    "source": "$text",
                    "to_name": "text",
                    "type": "labels",
                    "value": {
                        "end": 379,
                        "labels": [
                            "Split"
                        ],
                        "start": 218,
                        "text": "Os algoritmos desenvolvidos foram executados em diferentes condi\u00e7\u00f5es tanto em termos de plataformas utilizadas como em termos de tamanho da aplica\u00e7\u00e3o considerada."
                    }
                },
                {
                    "from_name": "ner",
                    "id": "iwnEOUhI-C",
                    "source": "$text",
                    "to_name": "text",
                    "type": "labels",
                    "value": {
                        "end": 613,
                        "labels": [
                            "Split"
                        ],
                        "start": 381,
                        "text": "Os resultados obtidos na implementa\u00e7\u00e3o dos algoritmos num\u00e9ricos s\u00e3o analisados baseando-se em algumas m\u00e9tricas (tempo de execu\u00e7\u00e3o e opera\u00e7\u00f5es em ponto flutuante) comuns aos resultados apresentados nos principais benchmarks estudados."
                    }
                },
                {
                    "from_name": "ner",
                    "id": "U-vTp2dpMK",
                    "source": "$text",
                    "to_name": "text",
                    "type": "labels",
                    "value": {
                        "end": 812,
                        "labels": [
                            "Split"
                        ],
                        "start": 615,
                        "text": "Atrav\u00e9s dos resultados obtidos, o desempenho das bibliotecas de passagem de mensagem MPI e PVM, o desempenho das arquiteturas consideradas e da implementa\u00e7\u00e3o dos algoritmos num\u00e9ricos s\u00e3o analisados."
                    }
                }
            ]
        }
    ],
    "data": {
        "text": "O objetivo principal deste trabalho \u00e9 o desenvolvimento e avalia\u00e7\u00e3o de algoritmos num\u00e9ricos paralelos e sua execu\u00e7\u00e3o em m\u00e1quinas paralelas (m\u00e1quinas multiprocessadas, m\u00e1quinas vetoriais e m\u00e1quinas paralelas virtuais). Os algoritmos desenvolvidos foram executados em diferentes condi\u00e7\u00f5es tanto em termos de plataformas utilizadas como em termos de tamanho da aplica\u00e7\u00e3o considerada. Os resultados obtidos na implementa\u00e7\u00e3o dos algoritmos num\u00e9ricos s\u00e3o analisados baseando-se em algumas m\u00e9tricas (tempo de execu\u00e7\u00e3o e opera\u00e7\u00f5es em ponto flutuante) comuns aos resultados apresentados nos principais benchmarks estudados. Atrav\u00e9s dos resultados obtidos, o desempenho das bibliotecas de passagem de mensagem MPI e PVM, o desempenho das arquiteturas consideradas e da implementa\u00e7\u00e3o dos algoritmos num\u00e9ricos s\u00e3o analisados."
    },
    "id": 6,
    "task_path": "../Trabalho/Scipo/tasks.json"
}