{
    "completions": [
        {
            "result": [
                {
                    "from_name": "ner",
                    "id": "AQdTMGuM9g",
                    "source": "$text",
                    "to_name": "text",
                    "type": "labels",
                    "value": {
                        "end": 142,
                        "labels": [
                            "Split"
                        ],
                        "start": 0,
                        "text": "Os sistemas computacionais distribu\u00eddos aplicados \u00e0 computa\u00e7\u00e3o paralela permitem uma melhor rela\u00e7\u00e3o custo/benef\u00edcio para a computa\u00e7\u00e3o paralela."
                    }
                },
                {
                    "from_name": "ner",
                    "id": "RQfkLL92Z6",
                    "source": "$text",
                    "to_name": "text",
                    "type": "labels",
                    "value": {
                        "end": 365,
                        "labels": [
                            "Split"
                        ],
                        "start": 144,
                        "text": "Esses sistemas oferecem a pot\u00eancia computacional adequada \u00e0s aplica\u00e7\u00f5es que n\u00e3o necessitam de uma m\u00e1quina maci\u00e7amente paralela, por\u00e9m necessitam de uma pot\u00eancia computacional maior que uma m\u00e1quina seq\u00fcencial pode oferecer."
                    }
                },
                {
                    "from_name": "ner",
                    "id": "ZZFfjcJmKn",
                    "source": "$text",
                    "to_name": "text",
                    "type": "labels",
                    "value": {
                        "end": 622,
                        "labels": [
                            "Split"
                        ],
                        "start": 367,
                        "text": "PVM (Parallel Virtual Machine) \u00e9 um exemplo de ambiente de passagem de mensagens, amplamente discutido na literatura, que permite a cria\u00e7\u00e3o de m\u00e1quinas paralelas virtuais em esta\u00e7\u00f5es de trabalho, normalmente m\u00e1quinas RISC, e com o sistema operacional UNIX."
                    }
                },
                {
                    "from_name": "ner",
                    "id": "mNQVsa0Pt5",
                    "source": "$text",
                    "to_name": "text",
                    "type": "labels",
                    "value": {
                        "end": 958,
                        "labels": [
                            "Split"
                        ],
                        "start": 624,
                        "text": "Dentro desse contexto, este trabalho descreve detalhadamente a implementa\u00e7\u00e3o do PVMW95 (PVM para Windows95), um ambiente de passagem de mensagens que permite a cria\u00e7\u00e3o de uma m\u00e1quina paralela virtual, utilizando computadores pessoais conectados por uma rede de comunica\u00e7\u00e3o e com o sistema operacional Windows95, de modo an\u00e1logo ao PVM."
                    }
                },
                {
                    "from_name": "ner",
                    "id": "0yEPzLDLRw",
                    "source": "$text",
                    "to_name": "text",
                    "type": "labels",
                    "value": {
                        "end": 1055,
                        "labels": [
                            "Split"
                        ],
                        "start": 960,
                        "text": "Foram realizados estudos preliminares visando a valida\u00e7\u00e3o e a avalia\u00e7\u00e3o do desempenho do PVMW95."
                    }
                },
                {
                    "from_name": "ner",
                    "id": "koPGJpJDig",
                    "source": "$text",
                    "to_name": "text",
                    "type": "labels",
                    "value": {
                        "end": 1245,
                        "labels": [
                            "Split"
                        ],
                        "start": 1057,
                        "text": "Os resultados obtidos demonstram que o ambiente tem comportamento est\u00e1vel e que as aplica\u00e7\u00f5es paralelas desenvolvidas apresentam um excelente speedup, considerando-se o hardware dispon\u00edvel."
                    }
                }
            ]
        }
    ],
    "data": {
        "text": "Os sistemas computacionais distribu\u00eddos aplicados \u00e0 computa\u00e7\u00e3o paralela permitem uma melhor rela\u00e7\u00e3o custo/benef\u00edcio para a computa\u00e7\u00e3o paralela. Esses sistemas oferecem a pot\u00eancia computacional adequada \u00e0s aplica\u00e7\u00f5es que n\u00e3o necessitam de uma m\u00e1quina maci\u00e7amente paralela, por\u00e9m necessitam de uma pot\u00eancia computacional maior que uma m\u00e1quina seq\u00fcencial pode oferecer. PVM (Parallel Virtual Machine) \u00e9 um exemplo de ambiente de passagem de mensagens, amplamente discutido na literatura, que permite a cria\u00e7\u00e3o de m\u00e1quinas paralelas virtuais em esta\u00e7\u00f5es de trabalho, normalmente m\u00e1quinas RISC, e com o sistema operacional UNIX. Dentro desse contexto, este trabalho descreve detalhadamente a implementa\u00e7\u00e3o do PVMW95 (PVM para Windows95), um ambiente de passagem de mensagens que permite a cria\u00e7\u00e3o de uma m\u00e1quina paralela virtual, utilizando computadores pessoais conectados por uma rede de comunica\u00e7\u00e3o e com o sistema operacional Windows95, de modo an\u00e1logo ao PVM. Foram realizados estudos preliminares visando a valida\u00e7\u00e3o e a avalia\u00e7\u00e3o do desempenho do PVMW95. Os resultados obtidos demonstram que o ambiente tem comportamento est\u00e1vel e que as aplica\u00e7\u00f5es paralelas desenvolvidas apresentam um excelente speedup, considerando-se o hardware dispon\u00edvel."
    },
    "id": 7,
    "task_path": "../Trabalho/Scipo/tasks.json"
}