{
    "completions": [
        {
            "result": [
                {
                    "from_name": "ner",
                    "id": "BgOkwGgdzs",
                    "source": "$text",
                    "to_name": "text",
                    "type": "labels",
                    "value": {
                        "end": 173,
                        "labels": [
                            "Split"
                        ],
                        "start": 0,
                        "text": "Esta disserta\u00e7\u00e3o de Mestrado apresenta uma extens\u00e3o do ASiA (Ambiente de Simula\u00e7\u00e3o Autom\u00e1tico), para simula\u00e7\u00e3o de arquiteturas de computadores, denominada M\u00f3dulo Arquitetura."
                    }
                },
                {
                    "from_name": "ner",
                    "id": "suHobkiEF3",
                    "source": "$text",
                    "to_name": "text",
                    "type": "labels",
                    "value": {
                        "end": 411,
                        "labels": [
                            "Split"
                        ],
                        "start": 175,
                        "text": "Este m\u00f3dulo possibilita que o usu\u00e1rio utilize arquiteturas j\u00e1 definidas(alterando ou n\u00e3o os seus par\u00e2metros) ou desenvolva o modelo de uma nova arquitetura utilizando ferramentas espec\u00edficas para simula\u00e7\u00e3o de arquitetura de computadores."
                    }
                },
                {
                    "from_name": "ner",
                    "id": "Y6sRJTK0__",
                    "source": "$text",
                    "to_name": "text",
                    "type": "labels",
                    "value": {
                        "end": 545,
                        "labels": [
                            "Split"
                        ],
                        "start": 413,
                        "text": "Dois exemplos ilustram a utiliza\u00e7\u00e3o do M\u00f3dulo Arquitetura, destacando as vantagens de sua aplica\u00e7\u00e3o tanto em ensino como em pesquisa."
                    }
                },
                {
                    "from_name": "ner",
                    "id": "MtQ0DNuyaV",
                    "source": "$text",
                    "to_name": "text",
                    "type": "labels",
                    "value": {
                        "end": 652,
                        "labels": [
                            "Split"
                        ],
                        "start": 547,
                        "text": "Este trabalho apresenta ainda algumas altera\u00e7\u00f5es efetuadas no ASiA para torn\u00e1-lo mais amig\u00e1vel e flex\u00edvel."
                    }
                },
                {
                    "from_name": "ner",
                    "id": "fdZQB3PW65",
                    "source": "$text",
                    "to_name": "text",
                    "type": "labels",
                    "value": {
                        "end": 734,
                        "labels": [
                            "Split"
                        ],
                        "start": 654,
                        "text": "Uma revis\u00e3o bibliogr\u00e1fica dos assuntos relacionados ao tema \u00e9 tamb\u00e9m apresentada."
                    }
                }
            ]
        }
    ],
    "data": {
        "text": "Esta disserta\u00e7\u00e3o de Mestrado apresenta uma extens\u00e3o do ASiA (Ambiente de Simula\u00e7\u00e3o Autom\u00e1tico), para simula\u00e7\u00e3o de arquiteturas de computadores, denominada M\u00f3dulo Arquitetura. Este m\u00f3dulo possibilita que o usu\u00e1rio utilize arquiteturas j\u00e1 definidas(alterando ou n\u00e3o os seus par\u00e2metros) ou desenvolva o modelo de uma nova arquitetura utilizando ferramentas espec\u00edficas para simula\u00e7\u00e3o de arquitetura de computadores. Dois exemplos ilustram a utiliza\u00e7\u00e3o do M\u00f3dulo Arquitetura, destacando as vantagens de sua aplica\u00e7\u00e3o tanto em ensino como em pesquisa. Este trabalho apresenta ainda algumas altera\u00e7\u00f5es efetuadas no ASiA para torn\u00e1-lo mais amig\u00e1vel e flex\u00edvel. Uma revis\u00e3o bibliogr\u00e1fica dos assuntos relacionados ao tema \u00e9 tamb\u00e9m apresentada."
    },
    "id": 8,
    "task_path": "../Trabalho/Scipo/tasks.json"
}