{
    "completions": [
        {
            "result": [
                {
                    "from_name": "ner",
                    "id": "ldLz2bfWZx",
                    "source": "$text",
                    "to_name": "text",
                    "type": "labels",
                    "value": {
                        "end": 49,
                        "labels": [
                            "Positive Sentence"
                        ],
                        "start": 0,
                        "text": "ah a senhora foi as compras para fazer uma compra"
                    }
                },
                {
                    "from_name": "ner",
                    "id": "-yflojCxyj",
                    "source": "$text",
                    "to_name": "text",
                    "type": "labels",
                    "value": {
                        "end": 96,
                        "labels": [
                            "Negative Sentence"
                        ],
                        "start": 50,
                        "text": "e na hora que ela passou no caixa ela perdeu u"
                    }
                },
                {
                    "from_name": "ner",
                    "id": "TlVYpyG4rJ",
                    "source": "$text",
                    "to_name": "text",
                    "type": "labels",
                    "value": {
                        "end": 142,
                        "labels": [
                            "Positive Sentence"
                        ],
                        "start": 97,
                        "text": "ah ela perdeu a carteira caiu no ch\u00e3o e perdeu"
                    }
                },
                {
                    "from_name": "ner",
                    "id": "uvc3fvbg2y",
                    "source": "$text",
                    "to_name": "text",
                    "type": "labels",
                    "value": {
                        "end": 164,
                        "labels": [
                            "Positive Sentence"
                        ],
                        "start": 144,
                        "text": "a\u00ed ela foi para casa"
                    }
                },
                {
                    "from_name": "ner",
                    "id": "C3gM18vHxY",
                    "source": "$text",
                    "to_name": "text",
                    "type": "labels",
                    "value": {
                        "end": 259,
                        "labels": [
                            "Positive Sentence"
                        ],
                        "start": 165,
                        "text": "e em casa teve uma uma crian\u00e7a que ligou para ela falando que tinha encontrado a carteira dela"
                    }
                },
                {
                    "from_name": "ner",
                    "id": "ceGgt8JZOP",
                    "source": "$text",
                    "to_name": "text",
                    "type": "labels",
                    "value": {
                        "end": 287,
                        "labels": [
                            "Positive Sentence"
                        ],
                        "start": 260,
                        "text": "e ela ficou muito agradecida"
                    }
                }
            ]
        }
    ],
    "data": {
        "text": "ah a senhora foi as compras para fazer uma compra e na hora que ela passou no caixa ela perdeu u ah ela perdeu a carteira caiu no ch\u00e3o e perdeu a\u00ed ela foi para casa e em casa teve uma uma crian\u00e7a que ligou para ela falando que tinha encontrado a carteira dela e ela ficou muito agradecida"
    },
    "id": 0,
    "task_path": "../Trabalho/Bateria-ABCD/tasks.json"
}