{
    "completions": [
        {
            "result": [
                {
                    "from_name": "ner",
                    "id": "ksccua9r67",
                    "source": "$text",
                    "to_name": "text",
                    "type": "labels",
                    "value": {
                        "end": 45,
                        "labels": [
                            "Positive Sentence"
                        ],
                        "start": 0,
                        "text": "a senhora foi fazer uma compra no supermercado"
                    }
                },
                {
                    "from_name": "ner",
                    "id": "tBUGrnKRmr",
                    "source": "$text",
                    "to_name": "text",
                    "type": "labels",
                    "value": {
                        "end": 71,
                        "labels": [
                            "Positive Sentence"
                        ],
                        "start": 46,
                        "text": "e ela derrubou a carteira"
                    }
                },
                {
                    "from_name": "ner",
                    "id": "mSNpMQD_WM",
                    "source": "$text",
                    "to_name": "text",
                    "type": "labels",
                    "value": {
                        "end": 121,
                        "labels": [
                            "Positive Sentence"
                        ],
                        "start": 73,
                        "text": "e n\u00e3o percebeu que havia ah derrubado a carteira"
                    }
                },
                {
                    "from_name": "ner",
                    "id": "Gq_A8QAgxk",
                    "source": "$text",
                    "to_name": "text",
                    "type": "labels",
                    "value": {
                        "end": 141,
                        "labels": [
                            "Positive Sentence"
                        ],
                        "start": 122,
                        "text": "foi passar no caixa"
                    }
                },
                {
                    "from_name": "ner",
                    "id": "EEly0pKFmR",
                    "source": "$text",
                    "to_name": "text",
                    "type": "labels",
                    "value": {
                        "end": 205,
                        "labels": [
                            "Positive Sentence"
                        ],
                        "start": 142,
                        "text": "a\u00ed ela n\u00e3o tinha como pagar n\u00e3o tinha cart\u00e3o n\u00e3o tinha dinheiro"
                    }
                },
                {
                    "from_name": "ner",
                    "id": "Z2VbEKoM4_",
                    "source": "$text",
                    "to_name": "text",
                    "type": "labels",
                    "value": {
                        "end": 235,
                        "labels": [
                            "Negative Sentence"
                        ],
                        "start": 206,
                        "text": "ela deixou as compras do lado"
                    }
                },
                {
                    "from_name": "ner",
                    "id": "pBrTw4fkPj",
                    "source": "$text",
                    "to_name": "text",
                    "type": "labels",
                    "value": {
                        "end": 319,
                        "labels": [
                            "Positive Sentence"
                        ],
                        "start": 236,
                        "text": "e foi para casa chegando em casa ela ao abrir a porta ah veio um telefonema para ela"
                    }
                },
                {
                    "from_name": "ner",
                    "id": "OTpMsgAzgS",
                    "source": "$text",
                    "to_name": "text",
                    "type": "labels",
                    "value": {
                        "end": 421,
                        "labels": [
                            "Negative Sentence"
                        ],
                        "start": 320,
                        "text": " era a menina avisando que a carteira dela foi encontrada a\u00ed ela ficou muito feliz n\u00e3o \u00e9 de ter achado"
                    }
                }
            ]
        }
    ],
    "data": {
        "text": "a senhora foi fazer uma compra no supermercado e ela derrubou a carteira e n\u00e3o percebeu que havia ah derrubado a carteira foi passar no caixa a\u00ed ela n\u00e3o tinha como pagar n\u00e3o tinha cart\u00e3o n\u00e3o tinha dinheiro ela deixou as compras do lado e foi para casa chegando em casa ela ao abrir a porta ah veio um telefonema para ela era a menina avisando que a carteira dela foi encontrada a\u00ed ela ficou muito feliz n\u00e3o \u00e9 de ter achado"
    },
    "id": 1,
    "task_path": "../Trabalho/Bateria-ABCD/tasks.json"
}