{
    "completions": [
        {
            "result": [
                {
                    "from_name": "ner",
                    "id": "QfUdYON_0P",
                    "source": "$text",
                    "to_name": "text",
                    "type": "labels",
                    "value": {
                        "end": 28,
                        "labels": [
                            "Positive Sentence"
                        ],
                        "start": 0,
                        "text": "uma senhora foi fazer compra"
                    }
                },
                {
                    "from_name": "ner",
                    "id": "JGqh1jLwQS",
                    "source": "$text",
                    "to_name": "text",
                    "type": "labels",
                    "value": {
                        "end": 98,
                        "labels": [
                            "Positive Sentence"
                        ],
                        "start": 29,
                        "text": "e quando ela foi passar na caixa ela viu que tinha perdido a carteira "
                    }
                },
                {
                    "from_name": "ner",
                    "id": "fte2bMrV0D",
                    "source": "$text",
                    "to_name": "text",
                    "type": "labels",
                    "value": {
                        "end": 130,
                        "labels": [
                            "Positive Sentence"
                        ],
                        "start": 99,
                        "text": "ela foi para casa muito chateada"
                    }
                },
                {
                    "from_name": "ner",
                    "id": "DOv8rHyzNS",
                    "source": "$text",
                    "to_name": "text",
                    "type": "labels",
                    "value": {
                        "end": 174,
                        "labels": [
                            "Positive Sentence"
                        ],
                        "start": 132,
                        "text": "quando chegou na casa dela o telefone tocou"
                    }
                },
                {
                    "from_name": "ner",
                    "id": "eDcEdoo-co",
                    "source": "$text",
                    "to_name": "text",
                    "type": "labels",
                    "value": {
                        "end": 244,
                        "labels": [
                            "Positive Sentence"
                        ],
                        "start": 176,
                        "text": "era uma menininha que dizia que tem que tinha achado a carteira dela"
                    }
                },
                {
                    "from_name": "ner",
                    "id": "MjUlqBUp7D",
                    "source": "$text",
                    "to_name": "text",
                    "type": "labels",
                    "value": {
                        "end": 270,
                        "labels": [
                            "Positive Sentence"
                        ],
                        "start": 245,
                        "text": "e ela ficou muito aliviada"
                    }
                },
                {
                    "from_name": "ner",
                    "id": "6k-nbKUdo9",
                    "source": "$text",
                    "to_name": "text",
                    "type": "labels",
                    "value": {
                        "end": 302,
                        "labels": [
                            "Positive Sentence"
                        ],
                        "start": 272,
                        "text": "ser\u00e1 que eu sei de alguma coisa"
                    }
                }
            ]
        }
    ],
    "data": {
        "text": "uma senhora foi fazer compra e quando ela foi passar na caixa ela viu que tinha perdido a carteira ela foi para casa muito chateada quando chegou na casa dela o telefone tocou era uma menininha que dizia que tem que tinha achado a carteira dela e ela ficou muito aliviada ser\u00e1 que eu sei de alguma coisa"
    },
    "id": 3,
    "task_path": "../Trabalho/Bateria-ABCD/tasks.json"
}