{
    "completions": [
        {
            "result": [
                {
                    "from_name": "ner",
                    "id": "uh8V49WvU_",
                    "source": "$text",
                    "to_name": "text",
                    "type": "labels",
                    "value": {
                        "end": 56,
                        "labels": [
                            "Positive Sentence"
                        ],
                        "start": 0,
                        "text": "olha uma a uma senhora \u00e9 foi fazer comp foi fazer compras"
                    }
                },
                {
                    "from_name": "ner",
                    "id": "iTLCvTOFOZ",
                    "source": "$text",
                    "to_name": "text",
                    "type": "labels",
                    "value": {
                        "end": 97,
                        "labels": [
                            "Negative Sentence"
                        ],
                        "start": 58,
                        "text": "e ao chegar ao caixa percebeu que tinha"
                    }
                },
                {
                    "from_name": "ner",
                    "id": "3Dv0N7hZI9",
                    "source": "$text",
                    "to_name": "text",
                    "type": "labels",
                    "value": {
                        "end": 157,
                        "labels": [
                            "Positive Sentence"
                        ],
                        "start": 98,
                        "text": "que a carteira n\u00e3o estava largou as compras l\u00e1 foi para casa"
                    }
                },
                {
                    "from_name": "ner",
                    "id": "ox7C4mGyiO",
                    "source": "$text",
                    "to_name": "text",
                    "type": "labels",
                    "value": {
                        "end": 256,
                        "labels": [
                            "Positive Sentence"
                        ],
                        "start": 159,
                        "text": "e ao chegar em casa o telefone estava tocando uma menininha avisou que tinha achado a sua carteira"
                    }
                }
            ]
        }
    ],
    "data": {
        "text": "olha uma a uma senhora \u00e9 foi fazer comp foi fazer compras e ao chegar ao caixa percebeu que tinha que a carteira n\u00e3o estava largou as compras l\u00e1 foi para casa e ao chegar em casa o telefone estava tocando uma menininha avisou que tinha achado a sua carteira "
    },
    "id": 4,
    "task_path": "../Trabalho/Bateria-ABCD/tasks.json"
}