{
    "completions": [
        {
            "result": [
                {
                    "from_name": "ner",
                    "id": "nFd_rnHqK5",
                    "source": "$text",
                    "to_name": "text",
                    "type": "labels",
                    "value": {
                        "end": 29,
                        "labels": [
                            "Positive Sentence"
                        ],
                        "start": 0,
                        "text": "uma senhora foi fazer compras"
                    }
                },
                {
                    "from_name": "ner",
                    "id": "Tj69c5kErr",
                    "source": "$text",
                    "to_name": "text",
                    "type": "labels",
                    "value": {
                        "end": 75,
                        "labels": [
                            "Positive Sentence"
                        ],
                        "start": 30,
                        "text": "e chegando no caixa ela p\u00f4s a carteira ao lado"
                    }
                },
                {
                    "from_name": "ner",
                    "id": "O7pYjzaKGe",
                    "source": "$text",
                    "to_name": "text",
                    "type": "labels",
                    "value": {
                        "end": 114,
                        "labels": [
                            "Positive Sentence"
                        ],
                        "start": 76,
                        "text": "e achou que tinha esquecido a carteira"
                    }
                },
                {
                    "from_name": "ner",
                    "id": "m8gsmfbbBn",
                    "source": "$text",
                    "to_name": "text",
                    "type": "labels",
                    "value": {
                        "end": 159,
                        "labels": [
                            "Negative Sentence"
                        ],
                        "start": 116,
                        "text": "ela voltou pra casa chegando em casa entrou"
                    }
                },
                {
                    "from_name": "ner",
                    "id": "aywKHDAXW1",
                    "source": "$text",
                    "to_name": "text",
                    "type": "labels",
                    "value": {
                        "end": 265,
                        "labels": [
                            "Positive Sentence"
                        ],
                        "start": 160,
                        "text": "tocou o telefone era uma menininha que falou que tinha encontrado a carteira dela e da\u00ed ela ficou aliviada"
                    }
                }
            ]
        }
    ],
    "data": {
        "text": "uma senhora foi fazer compras e chegando no caixa ela p\u00f4s a carteira ao lado e achou que tinha esquecido a carteira ela voltou pra casa chegando em casa entrou tocou o telefone era uma menininha que falou que tinha encontrado a carteira dela e da\u00ed ela ficou aliviada"
    },
    "id": 5,
    "task_path": "../Trabalho/Bateria-ABCD/tasks.json"
}