{
    "completions": [
        {
            "result": [
                {
                    "from_name": "ner",
                    "id": "qROo1NqElL",
                    "source": "$text",
                    "to_name": "text",
                    "type": "labels",
                    "value": {
                        "end": 68,
                        "labels": [
                            "Positive Sentence"
                        ],
                        "start": 0,
                        "text": "essa senhora ela sa ela ela saiu deixou cair a carteira n\u00e3o percebeu"
                    }
                },
                {
                    "from_name": "ner",
                    "id": "ZWZ3IqvtB8",
                    "source": "$text",
                    "to_name": "text",
                    "type": "labels",
                    "value": {
                        "end": 103,
                        "labels": [
                            "Negative Sentence"
                        ],
                        "start": 69,
                        "text": "e a crian\u00e7a meu deus olha que coisa"
                    }
                },
                {
                    "from_name": "ner",
                    "id": "FuBnu-UW_z",
                    "source": "$text",
                    "to_name": "text",
                    "type": "labels",
                    "value": {
                        "end": 143,
                        "labels": [
                            "Positive Sentence"
                        ],
                        "start": 105,
                        "text": "ela deixou cair a carteira n\u00e3o percebeu"
                    }
                },
                {
                    "from_name": "ner",
                    "id": "oNO9fQbCGr",
                    "source": "$text",
                    "to_name": "text",
                    "type": "labels",
                    "value": {
                        "end": 195,
                        "labels": [
                            "Positive Sentence"
                        ],
                        "start": 145,
                        "text": "e a crian\u00e7a falou pra ela que isso tinha acontecido"
                    }
                },
                {
                    "from_name": "ner",
                    "id": "z05i16h1Wb",
                    "source": "$text",
                    "to_name": "text",
                    "type": "labels",
                    "value": {
                        "end": 240,
                        "labels": [
                            "Positive Sentence"
                        ],
                        "start": 196,
                        "text": "eu s\u00f3 n\u00e3o falei que ela tinha ido ao mercado"
                    }
                }
            ]
        }
    ],
    "data": {
        "text": "essa senhora ela sa ela ela saiu deixou cair a carteira n\u00e3o percebeu e a crian\u00e7a meu deus olha que coisa ela deixou cair a carteira n\u00e3o percebeu e a crian\u00e7a falou pra ela que isso tinha acontecido eu s\u00f3 n\u00e3o falei que ela tinha ido ao mercado "
    },
    "id": 7,
    "task_path": "../Trabalho/Bateria-ABCD/tasks.json"
}