{
    "completions": [
        {
            "result": [
                {
                    "from_name": "ner",
                    "id": "3UEkG2t4SB",
                    "source": "$text",
                    "to_name": "text",
                    "type": "labels",
                    "value": {
                        "end": 35,
                        "labels": [
                            "Positive Sentence"
                        ],
                        "start": 0,
                        "text": "uma senhora \u00e9 saiu pra fazer compras"
                    }
                },
                {
                    "from_name": "ner",
                    "id": "IA4ibJdyXf",
                    "source": "$text",
                    "to_name": "text",
                    "type": "labels",
                    "value": {
                        "end": 116,
                        "labels": [
                            "Positive Sentence"
                        ],
                        "start": 37,
                        "text": "e quando ela acabou de fazer as compras ela notou que tinha esquecido a carteira"
                    }
                },
                {
                    "from_name": "ner",
                    "id": "G5gQEQ36qR",
                    "source": "$text",
                    "to_name": "text",
                    "type": "labels",
                    "value": {
                        "end": 142,
                        "labels": [
                            "Positive Sentence"
                        ],
                        "start": 117,
                        "text": " ela estava sem a carteira"
                    }
                },
                {
                    "from_name": "ner",
                    "id": "Juv-4A5etI",
                    "source": "$text",
                    "to_name": "text",
                    "type": "labels",
                    "value": {
                        "end": 228,
                        "labels": [
                            "Positive Sentence"
                        ],
                        "start": 143,
                        "text": " e a\u00ed ela ficou muito preocupada porque como que ela ia fazer pra ela pagar as compras"
                    }
                },
                {
                    "from_name": "ner",
                    "id": "Ny2ZieEA8K",
                    "source": "$text",
                    "to_name": "text",
                    "type": "labels",
                    "value": {
                        "end": 296,
                        "labels": [
                            "Positive Sentence"
                        ],
                        "start": 230,
                        "text": "ent\u00e3o ela voltou pra casa e teve que deixar as compras naturalmente"
                    }
                },
                {
                    "from_name": "ner",
                    "id": "kgmn9EhYRQ",
                    "source": "$text",
                    "to_name": "text",
                    "type": "labels",
                    "value": {
                        "end": 346,
                        "labels": [
                            "Positive Sentence"
                        ],
                        "start": 298,
                        "text": "n\u00e3o sei se voc\u00ea falou isso mas eu invento a hist\u00f3"
                    }
                },
                {
                    "from_name": "ner",
                    "id": "Z1XUONWzZd",
                    "source": "$text",
                    "to_name": "text",
                    "type": "labels",
                    "value": {
                        "end": 369,
                        "labels": [
                            "Negative Sentence"
                        ],
                        "start": 348,
                        "text": "a\u00ed ela teve que deixar"
                    }
                },
                {
                    "from_name": "ner",
                    "id": "5iKpYbqEBi",
                    "source": "$text",
                    "to_name": "text",
                    "type": "labels",
                    "value": {
                        "end": 382,
                        "labels": [
                            "Positive Sentence"
                        ],
                        "start": 370,
                        "text": " foi pra casa"
                    }
                },
                {
                    "from_name": "ner",
                    "id": "gufB9ht4Cn",
                    "source": "$text",
                    "to_name": "text",
                    "type": "labels",
                    "value": {
                        "end": 426,
                        "labels": [
                            "Positive Sentence"
                        ],
                        "start": 384,
                        "text": "quando ela chegou em casa tocou o telefone"
                    }
                },
                {
                    "from_name": "ner",
                    "id": "f8se4g_1an",
                    "source": "$text",
                    "to_name": "text",
                    "type": "labels",
                    "value": {
                        "end": 542,
                        "labels": [
                            "Positive Sentence"
                        ],
                        "start": 427,
                        "text": "e era uma menininha que tinha encontrado a carteira dela ent\u00e3o ela ficou muito aliviada porque encontrou a carteira"
                    }
                },
                {
                    "from_name": "ner",
                    "id": "02sSzZPlvy",
                    "source": "$text",
                    "to_name": "text",
                    "type": "labels",
                    "value": {
                        "end": 550,
                        "labels": [
                            "Positive Sentence"
                        ],
                        "start": 543,
                        "text": "foi isso"
                    }
                }
            ]
        }
    ],
    "data": {
        "text": "uma senhora \u00e9 saiu pra fazer compras e quando ela acabou de fazer as compras ela notou que tinha esquecido a carteira ela estava sem a carteira e a\u00ed ela ficou muito preocupada porque como que ela ia fazer pra ela pagar as compras ent\u00e3o ela voltou pra casa e teve que deixar as compras naturalmente n\u00e3o sei se voc\u00ea falou isso mas eu invento a hist\u00f3 a\u00ed ela teve que deixar foi pra casa quando ela chegou em casa tocou o telefone e era uma menininha que tinha encontrado a carteira dela ent\u00e3o ela ficou muito aliviada porque encontrou a carteira foi isso"
    },
    "id": 8,
    "task_path": "../Trabalho/Bateria-ABCD/tasks.json"
}