{
    "completions": [
        {
            "result": [
                {
                    "from_name": "ner",
                    "id": "nEL0CPd7U1",
                    "source": "$text",
                    "to_name": "text",
                    "type": "labels",
                    "value": {
                        "end": 48,
                        "labels": [
                            "Positive Sentence"
                        ],
                        "start": 0,
                        "text": "ah a senhora foi as compras para fazer uma compra"
                    }
                },
                {
                    "from_name": "ner",
                    "id": "s1ATwvzR7m",
                    "source": "$text",
                    "to_name": "text",
                    "type": "labels",
                    "value": {
                        "end": 93,
                        "labels": [
                            "Negative Sentence"
                        ],
                        "start": 50,
                        "text": "e na hora que ela passou no caixa ela perdeu"
                    }
                },
                {
                    "from_name": "ner",
                    "id": "PF3FdcV2BN",
                    "source": "$text",
                    "to_name": "text",
                    "type": "labels",
                    "value": {
                        "end": 142,
                        "labels": [
                            "Negative Sentence"
                        ],
                        "start": 95,
                        "text": "u ah ela perdeu a carteira caiu no ch\u00e3o e perdeu"
                    }
                },
                {
                    "from_name": "ner",
                    "id": "YBSYHC6RFq",
                    "source": "$text",
                    "to_name": "text",
                    "type": "labels",
                    "value": {
                        "end": 163,
                        "labels": [
                            "Positive Sentence"
                        ],
                        "start": 144,
                        "text": "a\u00ed ela foi para casa"
                    }
                },
                {
                    "from_name": "ner",
                    "id": "-ITp5hOhrb",
                    "source": "$text",
                    "to_name": "text",
                    "type": "labels",
                    "value": {
                        "end": 258,
                        "labels": [
                            "Positive Sentence"
                        ],
                        "start": 165,
                        "text": "e em casa teve uma uma crian\u00e7a que ligou para ela falando que tinha encontrado a carteira dela"
                    }
                },
                {
                    "from_name": "ner",
                    "id": "uYoPVh-RVq",
                    "source": "$text",
                    "to_name": "text",
                    "type": "labels",
                    "value": {
                        "end": 287,
                        "labels": [
                            "Positive Sentence"
                        ],
                        "start": 260,
                        "text": "e ela ficou muito agradecida"
                    }
                }
            ]
        }
    ],
    "data": {
        "text": "ah a senhora foi as compras para fazer uma compra e na hora que ela passou no caixa ela perdeu u ah ela perdeu a carteira caiu no ch\u00e3o e perdeu a\u00ed ela foi para casa e em casa teve uma uma crian\u00e7a que ligou para ela falando que tinha encontrado a carteira dela e ela ficou muito agradecida"
    },
    "id": 0,
    "task_path": "../Trabalho/Bateria-ABCD/tasks.json"
}