{
    "completions": [
        {
            "result": [
                {
                    "from_name": "ner",
                    "id": "P78gwAd8cL",
                    "source": "$text",
                    "to_name": "text",
                    "type": "labels",
                    "value": {
                        "end": 45,
                        "labels": [
                            "Positive Sentence"
                        ],
                        "start": 0,
                        "text": "a senhora foi fazer uma compra no supermercado"
                    }
                },
                {
                    "from_name": "ner",
                    "id": "uinZ3fivt5",
                    "source": "$text",
                    "to_name": "text",
                    "type": "labels",
                    "value": {
                        "end": 168,
                        "labels": [
                            "Positive Sentence"
                        ],
                        "start": 47,
                        "text": "e ela derrubou a carteira e n\u00e3o percebeu que havia ah derrubado a carteira foi passar no caixa a\u00ed ela n\u00e3o tinha como pagar"
                    }
                },
                {
                    "from_name": "ner",
                    "id": "6NOxP_p2G3",
                    "source": "$text",
                    "to_name": "text",
                    "type": "labels",
                    "value": {
                        "end": 204,
                        "labels": [
                            "Negative Sentence"
                        ],
                        "start": 170,
                        "text": "n\u00e3o tinha cart\u00e3o n\u00e3o tinha dinheiro"
                    }
                },
                {
                    "from_name": "ner",
                    "id": "wikwHscY0m",
                    "source": "$text",
                    "to_name": "text",
                    "type": "labels",
                    "value": {
                        "end": 250,
                        "labels": [
                            "Positive Sentence"
                        ],
                        "start": 206,
                        "text": "ela deixou as compras do lado e foi para casa"
                    }
                },
                {
                    "from_name": "ner",
                    "id": "1DdbtAC8Bf",
                    "source": "$text",
                    "to_name": "text",
                    "type": "labels",
                    "value": {
                        "end": 376,
                        "labels": [
                            "Positive Sentence"
                        ],
                        "start": 252,
                        "text": "chegando em casa ela ao abrir a porta ah veio um telefonema para ela era a menina avisando que a carteira dela foi encontrada"
                    }
                },
                {
                    "from_name": "ner",
                    "id": "9b84IijXS9",
                    "source": "$text",
                    "to_name": "text",
                    "type": "labels",
                    "value": {
                        "end": 421,
                        "labels": [
                            "Negative Sentence"
                        ],
                        "start": 378,
                        "text": "a\u00ed ela ficou muito feliz n\u00e3o \u00e9 de ter achado"
                    }
                }
            ]
        }
    ],
    "data": {
        "text": "a senhora foi fazer uma compra no supermercado e ela derrubou a carteira e n\u00e3o percebeu que havia ah derrubado a carteira foi passar no caixa a\u00ed ela n\u00e3o tinha como pagar n\u00e3o tinha cart\u00e3o n\u00e3o tinha dinheiro ela deixou as compras do lado e foi para casa chegando em casa ela ao abrir a porta ah veio um telefonema para ela era a menina avisando que a carteira dela foi encontrada a\u00ed ela ficou muito feliz n\u00e3o \u00e9 de ter achado"
    },
    "id": 1,
    "task_path": "../Trabalho/Bateria-ABCD/tasks.json"
}