{
    "completions": [
        {
            "result": [
                {
                    "from_name": "ner",
                    "id": "XVWPzTHm49",
                    "source": "$text",
                    "to_name": "text",
                    "type": "labels",
                    "value": {
                        "end": 28,
                        "labels": [
                            "Positive Sentence"
                        ],
                        "start": 0,
                        "text": "uma senhora foi fazer compras"
                    }
                },
                {
                    "from_name": "ner",
                    "id": "-qJy5d9ZbS",
                    "source": "$text",
                    "to_name": "text",
                    "type": "labels",
                    "value": {
                        "end": 117,
                        "labels": [
                            "Positive Sentence"
                        ],
                        "start": 30,
                        "text": "e quando ela chegou no caixa para efetuar o pagamento percebeu que estava sem a carteira"
                    }
                },
                {
                    "from_name": "ner",
                    "id": "CmX2QqcIYt",
                    "source": "$text",
                    "to_name": "text",
                    "type": "labels",
                    "value": {
                        "end": 177,
                        "labels": [
                            "Positive Sentence"
                        ],
                        "start": 119,
                        "text": "ent\u00e3o n\u00e3o tinha como levar as compras sem fazer o pagamento"
                    }
                },
                {
                    "from_name": "ner",
                    "id": "mXyjis_NY0",
                    "source": "$text",
                    "to_name": "text",
                    "type": "labels",
                    "value": {
                        "end": 208,
                        "labels": [
                            "Positive Sentence"
                        ],
                        "start": 179,
                        "text": "ela deixou l\u00e1 voltou para casa"
                    }
                },
                {
                    "from_name": "ner",
                    "id": "e4brKgOGMn",
                    "source": "$text",
                    "to_name": "text",
                    "type": "labels",
                    "value": {
                        "end": 260,
                        "labels": [
                            "Negative Sentence"
                        ],
                        "start": 210,
                        "text": "chegando em casa segundos depois \u00e9 algu\u00e9m telefonou"
                    }
                },
                {
                    "from_name": "ner",
                    "id": "EzAjLzPd8f",
                    "source": "$text",
                    "to_name": "text",
                    "type": "labels",
                    "value": {
                        "end": 349,
                        "labels": [
                            "Negative Sentence"
                        ],
                        "start": 262,
                        "text": "era uma crian\u00e7a dizendo que ela que tinha achado a carteira acho que faltou alguma coisa"
                    }
                }
            ]
        }
    ],
    "data": {
        "text": "uma senhora foi fazer compras e quando ela chegou no caixa para efetuar o pagamento percebeu que estava sem a carteira ent\u00e3o n\u00e3o tinha como levar as compras sem fazer o pagamento ela deixou l\u00e1 voltou para casa chegando em casa segundos depois \u00e9 algu\u00e9m telefonou era uma crian\u00e7a dizendo que ela que tinha achado a carteira acho que faltou alguma coisa"
    },
    "id": 2,
    "task_path": "../Trabalho/Bateria-ABCD/tasks.json"
}