{
    "completions": [
        {
            "result": [
                {
                    "from_name": "ner",
                    "id": "pvn4OH64Nl",
                    "source": "$text",
                    "to_name": "text",
                    "type": "labels",
                    "value": {
                        "end": 27,
                        "labels": [
                            "Positive Sentence"
                        ],
                        "start": 0,
                        "text": "uma senhora foi fazer compra"
                    }
                },
                {
                    "from_name": "ner",
                    "id": "wDdoA2LqJq",
                    "source": "$text",
                    "to_name": "text",
                    "type": "labels",
                    "value": {
                        "end": 97,
                        "labels": [
                            "Positive Sentence"
                        ],
                        "start": 29,
                        "text": "e quando ela foi passar na caixa ela viu que tinha perdido a carteira"
                    }
                },
                {
                    "from_name": "ner",
                    "id": "EvDOetBrmV",
                    "source": "$text",
                    "to_name": "text",
                    "type": "labels",
                    "value": {
                        "end": 130,
                        "labels": [
                            "Positive Sentence"
                        ],
                        "start": 99,
                        "text": "ela foi para casa muito chateada"
                    }
                },
                {
                    "from_name": "ner",
                    "id": "uKVQWHG_vo",
                    "source": "$text",
                    "to_name": "text",
                    "type": "labels",
                    "value": {
                        "end": 174,
                        "labels": [
                            "Negative Sentence"
                        ],
                        "start": 132,
                        "text": "quando chegou na casa dela o telefone tocou"
                    }
                },
                {
                    "from_name": "ner",
                    "id": "7QlT-m9wY-",
                    "source": "$text",
                    "to_name": "text",
                    "type": "labels",
                    "value": {
                        "end": 243,
                        "labels": [
                            "Positive Sentence"
                        ],
                        "start": 176,
                        "text": "era uma menininha que dizia que tem que tinha achado a carteira dela"
                    }
                },
                {
                    "from_name": "ner",
                    "id": "Fu3p3RfihB",
                    "source": "$text",
                    "to_name": "text",
                    "type": "labels",
                    "value": {
                        "end": 270,
                        "labels": [
                            "Positive Sentence"
                        ],
                        "start": 245,
                        "text": "e ela ficou muito aliviada"
                    }
                },
                {
                    "from_name": "ner",
                    "id": "--gN1yRqon",
                    "source": "$text",
                    "to_name": "text",
                    "type": "labels",
                    "value": {
                        "end": 302,
                        "labels": [
                            "Negative Sentence"
                        ],
                        "start": 272,
                        "text": "ser\u00e1 que eu sei de alguma coisa"
                    }
                }
            ]
        }
    ],
    "data": {
        "text": "uma senhora foi fazer compra e quando ela foi passar na caixa ela viu que tinha perdido a carteira ela foi para casa muito chateada quando chegou na casa dela o telefone tocou era uma menininha que dizia que tem que tinha achado a carteira dela e ela ficou muito aliviada ser\u00e1 que eu sei de alguma coisa"
    },
    "id": 3,
    "task_path": "../Trabalho/Bateria-ABCD/tasks.json"
}