{
    "completions": [
        {
            "result": [
                {
                    "from_name": "ner",
                    "id": "Ehltpz3wnp",
                    "source": "$text",
                    "to_name": "text",
                    "type": "labels",
                    "value": {
                        "end": 21,
                        "labels": [
                            "Negative Sentence"
                        ],
                        "start": 0,
                        "text": "olha uma a uma senhora"
                    }
                },
                {
                    "from_name": "ner",
                    "id": "Xe9c0yFJM6",
                    "source": "$text",
                    "to_name": "text",
                    "type": "labels",
                    "value": {
                        "end": 56,
                        "labels": [
                            "Negative Sentence"
                        ],
                        "start": 23,
                        "text": "\u00e9 foi fazer comp foi fazer compras"
                    }
                },
                {
                    "from_name": "ner",
                    "id": "kU83e8aYp_",
                    "source": "$text",
                    "to_name": "text",
                    "type": "labels",
                    "value": {
                        "end": 122,
                        "labels": [
                            "Negative Sentence"
                        ],
                        "start": 58,
                        "text": "e ao chegar ao caixa percebeu que tinha que a carteira n\u00e3o estava"
                    }
                },
                {
                    "from_name": "ner",
                    "id": "-pdLrFgpEB",
                    "source": "$text",
                    "to_name": "text",
                    "type": "labels",
                    "value": {
                        "end": 157,
                        "labels": [
                            "Negative Sentence"
                        ],
                        "start": 124,
                        "text": "largou as compras l\u00e1 foi para casa"
                    }
                },
                {
                    "from_name": "ner",
                    "id": "fYO5nozeh9",
                    "source": "$text",
                    "to_name": "text",
                    "type": "labels",
                    "value": {
                        "end": 203,
                        "labels": [
                            "Positive Sentence"
                        ],
                        "start": 159,
                        "text": "e ao chegar em casa o telefone estava tocando"
                    }
                },
                {
                    "from_name": "ner",
                    "id": "VcsMEEPBex",
                    "source": "$text",
                    "to_name": "text",
                    "type": "labels",
                    "value": {
                        "end": 256,
                        "labels": [
                            "Positive Sentence"
                        ],
                        "start": 205,
                        "text": "uma menininha avisou que tinha achado a sua carteira"
                    }
                }
            ]
        }
    ],
    "data": {
        "text": "olha uma a uma senhora \u00e9 foi fazer comp foi fazer compras e ao chegar ao caixa percebeu que tinha que a carteira n\u00e3o estava largou as compras l\u00e1 foi para casa e ao chegar em casa o telefone estava tocando uma menininha avisou que tinha achado a sua carteira "
    },
    "id": 4,
    "task_path": "../Trabalho/Bateria-ABCD/tasks.json"
}