{
    "completions": [
        {
            "result": [
                {
                    "from_name": "ner",
                    "id": "0ykOtgDE4W",
                    "source": "$text",
                    "to_name": "text",
                    "type": "labels",
                    "value": {
                        "end": 28,
                        "labels": [
                            "Positive Sentence"
                        ],
                        "start": 0,
                        "text": "uma senhora foi fazer compras"
                    }
                },
                {
                    "from_name": "ner",
                    "id": "6X0mYXUIGc",
                    "source": "$text",
                    "to_name": "text",
                    "type": "labels",
                    "value": {
                        "end": 114,
                        "labels": [
                            "Positive Sentence"
                        ],
                        "start": 30,
                        "text": "e chegando no caixa ela p\u00f4s a carteira ao lado e achou que tinha esquecido a carteira"
                    }
                },
                {
                    "from_name": "ner",
                    "id": "9A1yu12Vdx",
                    "source": "$text",
                    "to_name": "text",
                    "type": "labels",
                    "value": {
                        "end": 134,
                        "labels": [
                            "Positive Sentence"
                        ],
                        "start": 116,
                        "text": "ela voltou pra casa"
                    }
                },
                {
                    "from_name": "ner",
                    "id": "RG9US_YC7B",
                    "source": "$text",
                    "to_name": "text",
                    "type": "labels",
                    "value": {
                        "end": 175,
                        "labels": [
                            "Negative Sentence"
                        ],
                        "start": 136,
                        "text": "chegando em casa entrou tocou o telefone"
                    }
                },
                {
                    "from_name": "ner",
                    "id": "NP0yyydx-2",
                    "source": "$text",
                    "to_name": "text",
                    "type": "labels",
                    "value": {
                        "end": 240,
                        "labels": [
                            "Positive Sentence"
                        ],
                        "start": 177,
                        "text": "era uma menininha que falou que tinha encontrado a carteira dela"
                    }
                },
                {
                    "from_name": "ner",
                    "id": "EIk3R8v8ZJ",
                    "source": "$text",
                    "to_name": "text",
                    "type": "labels",
                    "value": {
                        "end": 265,
                        "labels": [
                            "Positive Sentence"
                        ],
                        "start": 242,
                        "text": "e da\u00ed ela ficou aliviada"
                    }
                }
            ]
        }
    ],
    "data": {
        "text": "uma senhora foi fazer compras e chegando no caixa ela p\u00f4s a carteira ao lado e achou que tinha esquecido a carteira ela voltou pra casa chegando em casa entrou tocou o telefone era uma menininha que falou que tinha encontrado a carteira dela e da\u00ed ela ficou aliviada"
    },
    "id": 5,
    "task_path": "../Trabalho/Bateria-ABCD/tasks.json"
}