{
    "completions": [
        {
            "result": [
                {
                    "from_name": "ner",
                    "id": "0ZzpoLB3wQ",
                    "source": "$text",
                    "to_name": "text",
                    "type": "labels",
                    "value": {
                        "end": 50,
                        "labels": [
                            "Negative Sentence"
                        ],
                        "start": 0,
                        "text": "que a senhorinha foi na no mercado fez umas compras"
                    }
                },
                {
                    "from_name": "ner",
                    "id": "c0QLtUTIy7",
                    "source": "$text",
                    "to_name": "text",
                    "type": "labels",
                    "value": {
                        "end": 105,
                        "labels": [
                            "Positive Sentence"
                        ],
                        "start": 52,
                        "text": "e quando foi pagar as compras tinha perdida a carteira"
                    }
                },
                {
                    "from_name": "ner",
                    "id": "lLjxyOJCRj",
                    "source": "$text",
                    "to_name": "text",
                    "type": "labels",
                    "value": {
                        "end": 149,
                        "labels": [
                            "Negative Sentence"
                        ],
                        "start": 107,
                        "text": "a\u00ed ela foi embora largou as compras do lado"
                    }
                },
                {
                    "from_name": "ner",
                    "id": "5N9GPOdxny",
                    "source": "$text",
                    "to_name": "text",
                    "type": "labels",
                    "value": {
                        "end": 169,
                        "labels": [
                            "Positive Sentence"
                        ],
                        "start": 151,
                        "text": "foi embora pra casa"
                    }
                },
                {
                    "from_name": "ner",
                    "id": "A745fcA8sS",
                    "source": "$text",
                    "to_name": "text",
                    "type": "labels",
                    "value": {
                        "end": 206,
                        "labels": [
                            "Positive Sentence"
                        ],
                        "start": 171,
                        "text": "n quando ela entrou tocou o telefone"
                    }
                },
                {
                    "from_name": "ner",
                    "id": "ild0d-tT6O",
                    "source": "$text",
                    "to_name": "text",
                    "type": "labels",
                    "value": {
                        "end": 306,
                        "labels": [
                            "Positive Sentence"
                        ],
                        "start": 208,
                        "text": "ela foi atender o telefone era uma menina que estava falando que tinha achado a carteira da senhora"
                    }
                }
            ]
        }
    ],
    "data": {
        "text": "que a senhorinha foi na no mercado fez umas compras e quando foi pagar as compras tinha perdida a carteira a\u00ed ela foi embora largou as compras do lado foi embora pra casa n quando ela entrou tocou o telefone ela foi atender o telefone era uma menina que estava falando que tinha achado a carteira da senhora"
    },
    "id": 6,
    "task_path": "../Trabalho/Bateria-ABCD/tasks.json"
}