{
    "completions": [
        {
            "result": [
                {
                    "from_name": "ner",
                    "id": "jUMZFdF8Vl",
                    "source": "$text",
                    "to_name": "text",
                    "type": "labels",
                    "value": {
                        "end": 35,
                        "labels": [
                            "Positive Sentence"
                        ],
                        "start": 0,
                        "text": "uma senhora \u00e9 saiu pra fazer compras"
                    }
                },
                {
                    "from_name": "ner",
                    "id": "m3lIl5i1oM",
                    "source": "$text",
                    "to_name": "text",
                    "type": "labels",
                    "value": {
                        "end": 116,
                        "labels": [
                            "Positive Sentence"
                        ],
                        "start": 37,
                        "text": "e quando ela acabou de fazer as compras ela notou que tinha esquecido a carteira"
                    }
                },
                {
                    "from_name": "ner",
                    "id": "zxpA6_FNO8",
                    "source": "$text",
                    "to_name": "text",
                    "type": "labels",
                    "value": {
                        "end": 142,
                        "labels": [
                            "Positive Sentence"
                        ],
                        "start": 118,
                        "text": "ela estava sem a carteira"
                    }
                },
                {
                    "from_name": "ner",
                    "id": "zx6gpLm0in",
                    "source": "$text",
                    "to_name": "text",
                    "type": "labels",
                    "value": {
                        "end": 228,
                        "labels": [
                            "Positive Sentence"
                        ],
                        "start": 144,
                        "text": "e a\u00ed ela ficou muito preocupada porque como que ela ia fazer pra ela pagar as compras"
                    }
                },
                {
                    "from_name": "ner",
                    "id": "OX8fw_abgI",
                    "source": "$text",
                    "to_name": "text",
                    "type": "labels",
                    "value": {
                        "end": 254,
                        "labels": [
                            "Positive Sentence"
                        ],
                        "start": 230,
                        "text": "ent\u00e3o ela voltou pra casa"
                    }
                },
                {
                    "from_name": "ner",
                    "id": "ExKXOoHJaO",
                    "source": "$text",
                    "to_name": "text",
                    "type": "labels",
                    "value": {
                        "end": 296,
                        "labels": [
                            "Positive Sentence"
                        ],
                        "start": 256,
                        "text": "e teve que deixar as compras naturalmente"
                    }
                },
                {
                    "from_name": "ner",
                    "id": "GXb0yN5jbx",
                    "source": "$text",
                    "to_name": "text",
                    "type": "labels",
                    "value": {
                        "end": 349,
                        "labels": [
                            "Negative Sentence"
                        ],
                        "start": 298,
                        "text": "n\u00e3o sei se voc\u00ea falou isso mas eu invento a hist\u00f3 a\u00ed"
                    }
                },
                {
                    "from_name": "ner",
                    "id": "kmvXIkw_Z6",
                    "source": "$text",
                    "to_name": "text",
                    "type": "labels",
                    "value": {
                        "end": 382,
                        "labels": [
                            "Negative Sentence"
                        ],
                        "start": 351,
                        "text": "ela teve que deixar foi pra casa"
                    }
                },
                {
                    "from_name": "ner",
                    "id": "dncEIF0r4c",
                    "source": "$text",
                    "to_name": "text",
                    "type": "labels",
                    "value": {
                        "end": 425,
                        "labels": [
                            "Positive Sentence"
                        ],
                        "start": 384,
                        "text": "quando ela chegou em casa tocou o telefone"
                    }
                },
                {
                    "from_name": "ner",
                    "id": "zKUxdEm9mq",
                    "source": "$text",
                    "to_name": "text",
                    "type": "labels",
                    "value": {
                        "end": 482,
                        "labels": [
                            "Positive Sentence"
                        ],
                        "start": 427,
                        "text": "e era uma menininha que tinha encontrado a carteira dela"
                    }
                },
                {
                    "from_name": "ner",
                    "id": "8X1PvpfkEP",
                    "source": "$text",
                    "to_name": "text",
                    "type": "labels",
                    "value": {
                        "end": 550,
                        "labels": [
                            "Positive Sentence"
                        ],
                        "start": 484,
                        "text": "ent\u00e3o ela ficou muito aliviada porque encontrou a carteira foi isso"
                    }
                }
            ]
        }
    ],
    "data": {
        "text": "uma senhora \u00e9 saiu pra fazer compras e quando ela acabou de fazer as compras ela notou que tinha esquecido a carteira ela estava sem a carteira e a\u00ed ela ficou muito preocupada porque como que ela ia fazer pra ela pagar as compras ent\u00e3o ela voltou pra casa e teve que deixar as compras naturalmente n\u00e3o sei se voc\u00ea falou isso mas eu invento a hist\u00f3 a\u00ed ela teve que deixar foi pra casa quando ela chegou em casa tocou o telefone e era uma menininha que tinha encontrado a carteira dela ent\u00e3o ela ficou muito aliviada porque encontrou a carteira foi isso"
    },
    "id": 8,
    "task_path": "../Trabalho/Bateria-ABCD/tasks.json"
}