{
    "completions": [
        {
            "result": [
                {
                    "from_name": "ner",
                    "id": "BLEvOVLxNM",
                    "source": "$text",
                    "to_name": "text",
                    "type": "labels",
                    "value": {
                        "end": 32,
                        "labels": [
                            "Positive Sentence"
                        ],
                        "start": 0,
                        "text": "a senhora saiu para fazer compras"
                    }
                },
                {
                    "from_name": "ner",
                    "id": "9Y9MNl-poK",
                    "source": "$text",
                    "to_name": "text",
                    "type": "labels",
                    "value": {
                        "end": 78,
                        "labels": [
                            "Positive Sentence"
                        ],
                        "start": 34,
                        "text": "e na ida para o mercado ela perdeu a carteira"
                    }
                },
                {
                    "from_name": "ner",
                    "id": "NqllYcIq80",
                    "source": "$text",
                    "to_name": "text",
                    "type": "labels",
                    "value": {
                        "end": 100,
                        "labels": [
                            "Positive Sentence"
                        ],
                        "start": 80,
                        "text": "ela chegou ao mercado"
                    }
                },
                {
                    "from_name": "ner",
                    "id": "DPaZO8PFuB",
                    "source": "$text",
                    "to_name": "text",
                    "type": "labels",
                    "value": {
                        "end": 158,
                        "labels": [
                            "Negative Sentence"
                        ],
                        "start": 102,
                        "text": "j\u00e1 n\u00e3o teve n\u00e3o deu para pagar as contas voltou para casa"
                    }
                },
                {
                    "from_name": "ner",
                    "id": "lTrhjtw3uX",
                    "source": "$text",
                    "to_name": "text",
                    "type": "labels",
                    "value": {
                        "end": 284,
                        "labels": [
                            "Negative Sentence"
                        ],
                        "start": 160,
                        "text": "aao estar em casa uma pessoa ligou que era uma menina dizendo para ela que tinha achado a bolsa com a carteira documento tudo"
                    }
                },
                {
                    "from_name": "ner",
                    "id": "8if7MQIt1M",
                    "source": "$text",
                    "to_name": "text",
                    "type": "labels",
                    "value": {
                        "end": 306,
                        "labels": [
                            "Positive Sentence"
                        ],
                        "start": 286,
                        "text": "ela ficou muito feliz"
                    }
                }
            ]
        }
    ],
    "data": {
        "text": "a senhora saiu para fazer compras e na ida para o mercado ela perdeu a carteira ela chegou ao mercado j\u00e1 n\u00e3o teve n\u00e3o deu para pagar as contas voltou para casa aao estar em casa uma pessoa ligou que era uma menina dizendo para ela que tinha achado a bolsa com a carteira documento tudo ela ficou muito feliz"
    },
    "id": 9,
    "task_path": "../Trabalho/Bateria-ABCD/tasks.json"
}